Sentence,Label
"Excited for the mindfulness retreat for educators. Taking time to recharge, practice self-care, and bring a mindful approach to the teaching journey. ???¡Î? #MindfulnessInEducation #TeacherWellness",meetings
"Experience the fusion of art and technology in our exploration of digital media, discussing the impact of virtual reality on art creation, exhibition, and audience engagement.",papers
"Excited to be part of the #CybersecurityConference next week. Ready to delve into discussions on the latest threats and strategies to safeguard digital assets. Cybersecurity enthusiasts, let's connect! #InfoSec #CyberDefense",seminar
"Our research on sustainable transportation delves into the advancements in electric vehicles, addressing challenges and opportunities in the quest for eco-friendly mobility solutions.",papers
"I am delighted to attend the upcoming seminar on ¡®Data Science and Machine Learning¡¯ on 5th May. The seminar will cover various topics related to data science and machine learning, and I am eager to learn more about the latest tools and techniques in this field.",seminar
Attending the digital citizenship seminar. Empowering students with the skills to navigate the online world responsibly and ethically. ?? #DigitalCitizenship #OnlineSafety,meetings
Registered the patent for our eco-friendly packaging solution for electronic devices! ???? A step towards reducing electronic waste. Grateful for our team's commitment to sustainability! #GreenTech #Innovation #PatentRegistered,patents
Just got my ticket for the #FutureOfWorkSummit. Excited to explore how the future of work is evolving and connect with professionals who are shaping it. Let me know if you'll be there too! #ProfessionalNetworking,seminar
Just registered for the #DigitalTransformationSummit. Can't wait to explore how organizations are embracing digital change and connect with professionals driving digital innovation. Who else is on the digital transformation journey? #DigitalBusiness #Innovation,seminar
"Join us in the exploration of brain-inspired computing architectures, as we discuss neuromorphic hardware and its potential applications in artificial intelligence.",papers
Celebrating a successful patent registration for our advanced cybersecurity solution! ???? This is a win for digital safety and privacy. Kudos to the team! #Cybersecurity #TechInnovation #PatentSuccess,patents
"Excited about the upcoming professional learning community (PLC) meeting. Ready to analyze student data, share best practices, and enhance our teaching strategies. ????? #PLCMeeting #DataDrivenInstruction",meetings
"I am looking forward to attending the upcoming strategy meeting on 20th March. The meeting will cover various topics related to our organization¡¯s goals and objectives, and I am eager to learn more about our plans and initiatives.",meetings
Participating in the teacher leadership summit. Empowering teachers to take on leadership roles and influence positive change within the education system. ????? #TeacherLeadership #EducationalImpact,meetings
"Our paper on autonomous vehicles delves into the intricacies of self-driving technology, addressing challenges and envisioning a future of safer and more efficient transportation.",papers
Thrilled to share that our team's hard work paid off ? patent approved for our revolutionary agricultural drone technology! ???? This is a game-changer for precision farming. #AgTech #Innovation #PatentApproved,patents
"Explore the intersection of machine learning and creativity, as our research delves into generative art, music composition, and the role of AI in sparking innovative ideas.",papers
"Explore the evolving landscape of digital twins, as we delve into their applications in manufacturing, urban planning, and predictive maintenance for complex systems.",papers
"Navigate the evolving landscape of e-commerce with our research, spotlighting the role of artificial intelligence in enhancing customer experiences and optimizing supply chains.",papers
Participating in the global citizenship education webinar. Exploring ways to cultivate a sense of global responsibility and awareness among our students. ?? #GlobalCitizenship #EducationForAll,meetings
Just got the confirmation on our patent approval for the innovative autonomous delivery drone with biodegradable packaging! ???? A sustainable approach to last-mile delivery. #DroneTech #GreenTech #PatentApproved,patents
"Explore the role of robotics in healthcare, from surgical robots and telemedicine applications to AI-assisted diagnostics and personalized treatment plans.",papers
"Attending the personalized learning forum. Exploring ways to tailor instruction to individual student needs, promoting a student-centric approach. ?? #PersonalizedLearning #StudentCentric",meetings
"Just registered for the #RenewableEnergyForum. Eager to explore sustainable energy solutions and connect with professionals working towards a greener future. Advocates of renewable energy, let's collaborate! #RenewablePower #GreenEnergy",seminar
Ready for the education policy discussion forum. Advocating for policies that support teachers and create a positive impact on the future of education. ?? #EducationPolicy #Advocacy,meetings
"I am excited to attend the upcoming training meeting on 1st March. The meeting will cover various topics related to our work, and I am eager to learn more about the latest tools and techniques in our field.",meetings
"Navigate the challenges of green computing in our research, addressing energy-efficient algorithms and eco-friendly practices for sustainable data centers.",papers
"I am delighted to attend the upcoming seminar on ¡®Blockchain Technology¡¯ on 15th February. The seminar will cover various aspects of blockchain technology, and I am excited to learn more about its applications in different industries.",seminar
Registered our revolutionary 3D printing technology today! ????? This opens up endless possibilities for manufacturing and design. Grateful for the team's ingenuity! #3DPrinting #TechInnovation #PatentRegistered,patents
"Explore the ethical dimensions of artificial intelligence in our paper, addressing concerns surrounding bias, accountability, and transparency in AI algorithms and decision-making.",papers
Attending the education technology expo to explore the latest tools and trends that can enhance our teaching methods and engage students. ?? #EdTechExpo #InnovativeTeaching,meetings
"I am thrilled to be a part of the upcoming seminar on ¡®Leadership and Management¡¯ on 10th March. The seminar will cover various topics related to leadership and management, and I am eager to learn more about how we can become better leaders and managers.",seminar
"Just secured my spot at the #SpaceTechHackathon. Eager to collaborate with fellow hackers and brainstorm solutions for space-related challenges. Ready for a weekend of coding, creativity, and space exploration! #Hackathon #SpaceTech",seminar
"I am looking forward to attending the upcoming client meeting on 20th February. The meeting will cover various topics related to our project, and I am eager to learn more about our client¡¯s expectations and requirements.",meetings
Uncover the potential of quantum machine learning algorithms as we explore their role in solving complex problems and optimizing tasks beyond the capabilities of classical algorithms.,papers
Just received confirmation on our patent for the innovative telemedicine platform! ???? This is a step towards making healthcare more accessible and convenient for everyone. #Telemedicine #HealthTech #PatentSuccess,patents
"In our research on swarm robotics, we delve into the coordination and collaboration of multiple robots, presenting applications in search and rescue missions and environmental monitoring.",papers
"I am looking forward to attending the upcoming seminar on ¡®Innovation and Entrepreneurship¡¯ on 5th March. The seminar will cover various aspects of innovation and entrepreneurship, and I am excited to learn more about how we can foster a culture of innovation in our organizations.",seminar
"Join us on a journey through the world of biotechnology, where our paper explores breakthroughs in gene editing and their implications for personalized medicine.",papers
Attending the #GlobalHealthForum to delve into global health challenges and solutions. Ready to contribute to discussions on improving healthcare accessibility worldwide. Who else is passionate about global health? Let's collaborate! #GlobalHealth #HealthEquity,seminar
Looking forward to the robotics in education seminar. Exploring how robotics can inspire creativity and problem-solving skills among students. ?? #RoboticsEducation #STEM,meetings
"Attending the district-wide educators' summit! Ready to connect with colleagues from different schools, share experiences, and explore opportunities for collaboration. ?? #EducatorsSummit #Networking",meetings
Excited to share that our team has officially patented our innovative solution for sustainable agriculture! ???? This is a step towards a more eco-friendly and efficient farming future. ???? #AgTech #Sustainability #PatentWin,patents
Excited to share that our team has officially patented our revolutionary blockchain-based voting system! ????? A step towards secure and transparent democratic processes. #Blockchain #TechInnovation #PatentApproved,patents
"Delve into the world of explainable AI with our paper, addressing the challenges and opportunities in creating transparent and interpretable machine learning models.",papers
"I am delighted to attend the upcoming seminar on ¡®Sustainability and Corporate Social Responsibility¡¯ on 10th April. The seminar will cover various aspects of sustainability and CSR, and I am excited to learn more about how we can create a more sustainable future.",seminar
Thrilled to be part of the #SustainabilityLeadersForum. Ready to discuss sustainable business practices and connect with leaders committed to making a positive impact on the planet. #SustainableBusiness #GreenLeadership,seminar
Looking forward to the e-learning symposium. Exploring the latest trends and best practices in online education for effective virtual teaching and learning. ??? #ELearning #RemoteTeaching,meetings
Just got the confirmation on our patent approval for the augmented reality app! ????? Can't wait for users to experience the magic we've created. Huge shoutout to the amazing team! ?? #AR #TechInnovation #PatentApproved,patents
Joining the early childhood education forum to exchange ideas and strategies for providing a strong foundation for our youngest learners. ?? #EarlyChildhoodEducation #LearningThroughPlay,meetings
"Explore the fusion of neuroscience and technology in our research, shedding light on brain-machine interfaces and their implications for enhancing human cognition.",papers
Thrilled to attend the #FintechRevolutionConference. Ready to explore the latest trends in financial technology and connect with disruptors in the fintech space. Who else is riding the fintech wave? Let's meet up! #FintechInnovation #FinanceRevolution,seminar
"Uncover the impact of robotic process automation (RPA) in business operations, as we explore the automation of routine tasks and its potential for increased efficiency.",papers
Submitted the patent application for our revolutionary blockchain-based cybersecurity platform today! ???? Fingers crossed for a secure future in the digital realm. ?? #Cybersecurity #Blockchain #PatentInProgress,patents
"I am looking forward to attending the upcoming seminar on ¡®Digital Marketing Strategies¡¯ on 25th April. The event promises to be insightful, and I am eager to learn more about the latest trends and techniques in digital marketing.",seminar
Ready for the education technology hackathon. Collaborating with fellow educators to create innovative solutions using technology to enhance learning experiences. ?? #EdTechHackathon #InnovationInEducation,meetings
"Engaging in a curriculum planning session today! Thrilled to contribute ideas, share resources, and work together to create an enriching educational experience for our students. ?? #CurriculumDesign #EducationGoals",meetings
Celebrating a milestone today ? the patent registration for our breakthrough in quantum computing! ????? Grateful for the tireless efforts of everyone involved. Onwards to the next frontier! ?? #QuantumComputing #TechRevolution #PatentSuccess,patents
Excited to be part of the #DigitalArtShowcase. Ready to discover digital masterpieces and connect with digital artists. Who else is fascinated by the convergence of art and technology? Let's celebrate creativity in the digital realm! #DigitalArt #TechCreativity,seminar
"I am thrilled to be a part of the upcoming brainstorming meeting on 10th March. The meeting will cover various topics related to our work, and I am eager to contribute my ideas and insights.",meetings
Attending the workshop on project-based learning. Excited to incorporate hands-on projects that inspire creativity and critical thinking in the classroom. ?? #PBL #InnovativeTeaching,meetings
Looking forward to the educational leadership panel discussion. Gaining insights from experienced leaders in education and reflecting on effective leadership strategies. ?? #LeadershipPanel #EducationalLeadership,meetings
Registered my invention for a sustainable packaging material today! ???? Excited to contribute to a greener planet. Let's make eco-friendly choices the norm! #Sustainability #Innovation #PatentRegistered,patents
Just secured my spot at the #FutureTechSummit. Ready to explore the frontiers of technology and engage in conversations about the future of innovation. Who else is excited about the tech revolution? #TechEnthusiast #FutureTech,seminar
Attending the #LeadershipMasterclass to enhance my leadership skills. Excited for interactive workshops and discussions on effective leadership strategies. Who else is on a leadership journey? Let's connect! #LeadershipDevelopment,seminar
"Just RSVP'd for the #MindfulLeadershipRetreat. Excited to combine mindfulness practices with leadership development. Ready to cultivate a mindful approach to leadership. Leaders, let's lead with presence! #MindfulLeadership #LeadershipRetreat",seminar
"Embarking on a transformative journey, our team is thrilled to unveil our latest research on the integration of Artificial Intelligence in the healthcare industry.",papers
Exciting news! Just submitted the patent application for our AI-powered predictive maintenance system for industrial machinery! ???? Improving efficiency and reducing downtime. #PredictiveMaintenance #AI #PatentPending,patents
Excited for the cultural exchange planning meeting. Collaborating with educators from around the world to create enriching experiences for our students. ?? #CulturalExchange #GlobalEducation,meetings
Officially patented our AI-driven recommendation system for personalized shopping experiences! ????? Enhancing customer satisfaction and engagement. #RetailTech #AI #PatentRegistered,patents
"Ready for a weekend of inspiration at the #FilmMakersRetreat. Excited to connect with fellow filmmakers, share stories, and discuss the art and craft of filmmaking. Lights, camera, action! #FilmmakerCommunity #FilmArtistry",seminar
Just RSVP'd for the #FutureofEducationSummit. Eager to discuss innovations in education and connect with educators shaping the future of learning. Who else believes in the power of education to transform lives? #EdTech #FutureEducation,seminar
Today's focus: curriculum mapping! Excited to collaborate with colleagues to align our teaching strategies and ensure a cohesive educational journey for our students. ?? #CollaborativeLearning #EducationalExcellence,meetings
"Just received the agenda for the department meeting. Eager to discuss curriculum updates, share success stories, and collaborate with my fellow educators. ?? #EducationalLeadership #TeamCollaboration",meetings
Explore the possibilities of quantum internet as we delve into quantum key distribution and entanglement-based communication for secure and efficient data transfer.,papers
"Our paper on human-computer interaction explores the advancements in natural language processing, gesture recognition, and immersive interfaces.",papers
Just got my pass for the #ArtificialIntelligenceShowcase. Ready to witness groundbreaking AI applications and connect with experts pushing the boundaries of technology. Who else is intrigued by AI? Let's chat! #AIEnthusiast,seminar
Patent application submitted for our breakthrough in clean energy storage! ???? This is a pivotal moment for our team and the planet. Fingers crossed for a successful approval! ?? #CleanEnergy #PatentInProgress #TechInnovation,patents
"In our quest for a greener future, our research investigates the applications of green technology, from eco-friendly materials to energy-efficient building designs.",papers
"Join us as we unravel the potential of quantum computing, exploring its applications in optimization problems and cryptography.",papers
"Join the conversation on the democratization of AI, discussing initiatives to make artificial intelligence accessible and inclusive for individuals and organizations.",papers
"Navigate the challenges of ethical AI deployment in healthcare, addressing issues of bias, transparency, and patient privacy in the development of medical AI systems.",papers
Discover the future of autonomous delivery systems as we examine the role of drones and self-driving vehicles in revolutionizing logistics and last-mile delivery.,papers
"Our research on natural language generation investigates the advancements in language models, exploring their applications in content creation, chatbots, and virtual assistants.",papers
Excited to attend the gamification in education workshop. Exploring how game-based learning can make lessons more engaging and enhance student motivation. ?? #Gamification #InteractiveLearning,meetings
Just got the confirmation on our patent approval for the innovative drone-based search and rescue system! ???? A breakthrough in disaster response technology. #DroneTech #TechInnovation #PatentSuccess,patents
"Join us in discussing the ethical implications of AI-driven decision-making in autonomous vehicles, addressing issues of accountability, safety, and societal impact.",patents
"I am thrilled to be a part of the upcoming seminar on ¡®Digital Marketing Strategies¡¯ on 10th February. The event promises to be insightful, and I am eager to learn more about the latest trends and techniques in digital marketing.",seminar
"Excited to attend the STEM education roundtable. Discussing ways to inspire curiosity, critical thinking, and problem-solving skills in our students. ?? #STEMEducation #FutureInnovators",meetings
Officially patented our breakthrough in brain-computer interface gaming technology! ???? Enhancing the gaming experience through mind-controlled interactions. #GamingTech #BCI #PatentSuccess,patents
Celebrating the approval of our patent for the innovative renewable energy-powered desalination system! ???? A sustainable solution for providing clean drinking water in coastal areas. #RenewableEnergy #TechInnovation #PatentApproved,patents
Attending the #MarketingMasteryWorkshop next month to refine my marketing skills. Looking forward to hands-on workshops and discussions on the latest marketing trends. Who else will be there? Let's exchange ideas! #MarketingPro,seminar
Just finalized the patent for our advanced materials in construction for earthquake-resistant structures! ????? This innovation aims to enhance building safety in seismic zones. #ConstructionTech #Innovation #PatentSuccess,patents
"Join us in decoding the mysteries of dark web technologies, exploring the cybersecurity implications and strategies for combating cyber threats in the hidden corners of the internet.",papers
"Explore the intersection of robotics and education, as we examine the impact of robotics in STEM education and the development of coding and programming skills.",papers
Attending the assessment and feedback workshop. Exploring effective methods to provide constructive feedback that fosters student growth and achievement. ?? #AssessmentStrategies #StudentFeedback,meetings
Officially patented our AI-powered language learning chatbot! ????? Making language acquisition fun and interactive. Excited about the potential impact on education. #LanguageTech #EdTech #PatentSuccess,seminar
Looking forward to the faculty meeting this afternoon. It's always inspiring to hear about the innovative initiatives our school is taking to enhance education. ?? #Teamwork #ProfessionalDevelopment,meetings
"I am looking forward to attending the upcoming project meeting on 5th March. The meeting will cover various aspects of our project, and I am excited to learn more about our progress and milestones.",meetings
Officially patented our smart agriculture irrigation system today! ???? This technology optimizes water usage and enhances crop yield. Grateful for the team's dedication to sustainable farming. #AgTech #Innovation #PatentSuccess,patents
Received confirmation on our patent approval for the innovative renewable materials in construction! ????? Excited to contribute to sustainable and eco-friendly building practices. #SustainableConstruction #Innovation #PatentApproved,patents
"Dive into the realm of augmented reality as we dissect its applications in education, healthcare, and entertainment, unlocking new dimensions of human-computer interaction.",papers
Today's focus: special education team meeting. Collaborating to tailor our instructional approaches and support services to meet the diverse needs of all learners. ?? #InclusiveEducation #SpecialEd,meetings
Student council meeting in progress! Thrilled to witness the enthusiasm and creativity of our student leaders as they plan upcoming events and initiatives. ?? #StudentLeadership #SchoolPride,meetings
Just received my confirmation for the #WomenInTechConference. Thrilled to be a part of a community that celebrates and supports women in the tech industry. Looking forward to empowering discussions and networking opportunities. #WomenInSTEM,seminar
Can't wait for the #BlockchainInnovationSummit! Ready to explore the latest in blockchain technology and connect with pioneers in the field. Anyone else fascinated by the potential of blockchain? Let's discuss! #BlockchainRevolution,seminar
Joining the inclusive education summit today. Discussing strategies to ensure every student feels valued and included in the learning process. ?? #InclusiveEducation #DiversityInLearning,meetings
"Just completed the patent registration for my software solution! ???? This project has been a labor of love, and I'm excited to see it make a positive impact. Onward and upward! ?? #SoftwareDevelopment #PatentRegistered #TechAdvancement",patents
Excited for the upcoming parent-teacher meeting! Looking forward to discussing my child's progress and gaining insights into their academic journey. ?? #ParentTeacherMeeting #EducationMatters,meetings
Thrilled to announce the patent registration for our cutting-edge brain-computer interface technology! ???? Opening new possibilities for communication and control. #BCI #NeuroTech #PatentApproved,patents
Celebrating the successful patent approval for our advanced drone-based environmental monitoring system! ???? A tool for assessing and preserving ecosystems. #EnvironmentalTech #DroneTech #PatentApproved,patents
Attending the social-emotional learning (SEL) seminar. Focusing on fostering emotional intelligence and well-being among students for a positive school climate. ?? #SEL #StudentWellbeing,meetings
"In our research on swarm robotics, we investigate the coordination mechanisms inspired by nature, demonstrating applications in collaborative tasks such as environmental monitoring.",papers
Preparing for the accreditation review meeting next week. Proud to showcase the excellence in education we've achieved as a school community. ?? #AccreditationPrep #QualityEducation,meetings
Celebrating the approval of our patent for the innovative food traceability blockchain! ???? This technology ensures transparency and accountability in the food supply chain. #FoodTech #Blockchain #PatentApproved,patents
"From smart fabrics to wearable health tech, our paper explores the intersection of fashion and technology, envisioning a future where clothing enhances our well-being.",papers
"Navigate the complexities of explainable AI in the financial sector, as we discuss the interpretability of machine learning models and their implications for regulatory compliance.",papers
Submitted the patent application for our breakthrough in 5G technology! ???? Excited about the possibilities this innovation holds for connectivity. #5G #TechInnovation #PatentInProgress,patents
"Just got my ticket for the #MindfulnessMattersRetreat. Excited for a weekend of self-discovery, relaxation, and connecting with others on a mindfulness journey. Who else values mental well-being? Let's share mindfulness tips! #MindfulnessRetreat #Wellness",seminar
Celebrating the approval of our patent for the innovative educational virtual reality platform! ????? Excited to enhance learning experiences for students around the world. #EdTech #VR #PatentApproved,patents
"In our study on sustainable architecture, we examine eco-friendly building materials and design principles for creating energy-efficient and green buildings.",papers
Joining the virtual reality in education webinar. Exploring how immersive experiences can enhance learning and create engaging educational content. ??? #VRinEducation #EdTech,meetings
"I am looking forward to attending the upcoming seminar on ¡®Leadership and Management¡¯ on 5th April. The seminar will cover various topics related to leadership and management, and I am eager to learn more about how we can become better leaders and managers.",seminar
"Joining the PTA meeting tonight! Looking forward to strengthening the partnership between parents and educators, and discussing ways to enhance our school community. ?? #PTAMeeting #CommunityEngagement",meetings
Officially submitted the patent for our augmented reality gaming experience! ????? Get ready for a new dimension of interactive entertainment. Excited for what the future holds! #AR #Gaming #PatentInProgress,patents
"Discover the transformative potential of quantum communication networks, as we investigate the development of secure and scalable quantum information transfer.",papers
Submitted the patent application for our sustainable fashion material! ???? Excited to contribute to eco-friendly fashion and reduce the industry's environmental footprint. #SustainableFashion #Innovation #PatentInProgress,patents
PTA meeting agenda: parent involvement and community-building. Let's work together to create a supportive environment for our students! ???????? #ParentTeacherPartnership #SchoolCommunity,meetings
Celebrating the successful patent approval for our advanced robotics-assisted surgery system! ???? This innovation enhances precision and reduces invasiveness in surgical procedures. #MedTech #Robotics #PatentApproved,patents
"The Internet of Things (IoT) takes center stage in our research, offering a comprehensive analysis of its applications across industries and its role in shaping smart cities.",papers
Prepping for the digital literacy roundtable. Excited to explore ways to equip students with essential digital skills for the 21st century. ?? #DigitalLiteracy #21stCenturySkills,meetings
Officially patented our AI-driven personalized nutrition app! ???? Helping users make healthier choices based on individual needs. Grateful for the team's dedication! #NutritionTech #AI #PatentRegistered,patents
"Revolutionizing the gaming industry, our research uncovers the potential of virtual reality (VR) and augmented reality (AR) in creating immersive and interactive gaming experiences.",papers
"From smart homes to smart cities, our paper examines the impact of Internet of Things (IoT) devices on urban living, emphasizing sustainability and efficiency.",papers
"Explore the potential of holographic technology in our study, discussing its applications in entertainment, education, and immersive experiences.",patents
Looking forward to the cultural competence in curriculum development workshop. Ensuring our curriculum reflects diverse perspectives and experiences. ?? #CulturalCompetence #InclusiveCurriculum,meetings
Participated in the student council meeting today. It's amazing to see our students taking an active role in shaping the school culture and fostering a positive atmosphere. ?? #StudentVoice #LeadershipDevelopment,meetings
Just wrapped up the online learning platform training session. Ready to implement new digital tools to enhance virtual learning experiences for our students. ?? #OnlineLearning #DigitalEducation,meetings
Submitted the patent application for our innovative blockchain-based voting system for remote elections! ????? Ensuring secure and transparent democratic processes. #Blockchain #TechInnovation #PatentInProgress,patents
Attending the flipped faculty meeting today. Sharing best practices for a collaborative teaching approach that maximizes student engagement and understanding. ?? #FlippedFacultyMeeting #TeamTeaching,meetings
"I am looking forward to attending the upcoming seminar on ¡®The Future of Education¡¯ on 20th March. The seminar will cover various topics related to the changing nature of education, and I am eager to learn more about how we can prepare ourselves for the future of learning.",seminar
"Our study on the circular economy explores the role of technology in reducing waste and promoting sustainable practices in manufacturing, consumption, and recycling.",papers
"Explore the applications of swarm robotics in our research, highlighting their potential in collaborative tasks and distributed sensing environments.",papers
Thrilled to announce the successful patent filing for our cutting-edge medical device! ???? It's a game-changer in healthcare. Kudos to the dedicated team behind this achievement! ?? #MedTech #Innovation #PatentSuccess,patents
"Proud to share our insights into the cybersecurity landscape, our research delves deep into the evolving threats and strategies to safeguard digital ecosystems.",papers
Counting down the days until the #EntrepreneurshipForum! Ready to be inspired by stories of successful entrepreneurs and gain valuable insights into building a thriving business. Who else is attending? Let's connect! #StartupLife,seminar
Thrilled to announce that I'll be speaking at the #LeadershipExcellenceSeminar next month! Join me for a discussion on effective leadership practices and strategies for success. See you at the event! #Speaker #Leadership,seminar
Attending the #EnvironmentalSustainabilitySeminar to learn more about sustainable business practices. Excited to contribute to a greener future and connect with like-minded individuals. Who else is passionate about sustainability? #GreenBusiness,seminar
Just received confirmation on our patent for the breakthrough in quantum encryption! ???? This achievement is a testament to our commitment to digital security. #QuantumEncryption #Cybersecurity #PatentSuccess,patents
Excited to share that our team has officially patented our breakthrough in waste-to-energy technology for small-scale applications! ???? Turning waste into a valuable energy source. #CleanTech #Innovation #PatentInProgress,patents
"Embark on a journey into the world of synthetic biology, as we discuss the applications of gene editing technologies and their potential impact on medicine, agriculture, and beyond.",papers
Just finalized the patent for our game-changing assistive technology for individuals with disabilities! ??? This innovation aims to enhance accessibility and inclusivity. #AssistiveTech #Innovation #PatentSuccess,patents
Excited to share that our team has officially patented our breakthrough in wearable health monitoring textiles! ???? A fusion of fashion and health technology. #WearableTech #HealthTech #PatentInProgress,patents
Registered the patent for our AI-powered sustainability analytics tool! ???? Empowering businesses to make eco-friendly decisions based on data insights. #Sustainability #AI #PatentInProgress,patents
"Our research on neuromorphic computing explores the development of brain-inspired hardware, ushering in a new era of energy-efficient and cognitive computing.",papers
"Attending the global education webinar tomorrow. Exploring global perspectives, cross-cultural understanding, and innovative teaching methods from educators worldwide. ?? #GlobalEducation #InternationalPerspectives",meetings
Just got the confirmation on our patent approval for the innovative autonomous underwater drone for marine research! ???? Unlocking the secrets of the deep with cutting-edge technology. #MarineTech #TechInnovation #PatentApproved,patents
Submitted the patent application for our innovative e-learning platform for vocational skills! ???? This could reshape how individuals acquire practical skills for the workforce. #EdTech #SkillsTraining #PatentPending,patents
"Explore the applications of bio-hybrid systems, combining biological and artificial components, in our research on the forefront of biologically inspired robotics.",papers
"Navigate the complexities of data privacy in the age of Big Data with our insights into encryption technologies, data anonymization, and the ethical considerations of data handling.",papers
Just submitted the patent for our breakthrough in clean water purification technology! ???? This could make clean water accessible to more communities worldwide. #CleanWater #TechInnovation #PatentInProgress,patents
Just got the confirmation on our patent approval for the innovative AI-powered language translation tool! ????? Grateful for the team's dedication to breaking language barriers. #AI #LanguageTech #PatentApproved,patents
"Our study on 3D printing technologies showcases their transformative impact on manufacturing, enabling rapid prototyping and customized production.",papers
"Just signed up for the #DiversityandInclusionSummit. Looking forward to discussions on fostering an inclusive workplace and connecting with advocates of diversity. Together, we can build a more equitable future! #DiversityInTech #Inclusion",seminar
"Attending the #BioTechSymposium to delve into advancements in biotechnology. Ready to discuss the latest breakthroughs in genomics, bioengineering, and more. Biotech enthusiasts, let's connect! #BioTechInnovation #LifeSciences",seminar
Attending the #HealthTechConference to explore the intersection of healthcare and technology. Excited to discover innovations that are shaping the future of healthcare. Any healthcare and tech enthusiasts attending? Let's connect! #HealthInnovation #TechInHealth,seminar
"Join us in discussing the implications of quantum computing for cryptography, exploring the challenges and opportunities in a post-quantum cryptographic landscape.",papers
Attending the #HumanRightsSymposium to engage in discussions about global human rights challenges. Ready to connect with advocates and explore ways to contribute to a more just and equal world. #HumanRightsAdvocacy #SocialJustice,seminar
Submitted the patent application for our revolutionary exoskeleton technology! ???? This innovation has the potential to enhance mobility for individuals with mobility impairments. #AssistiveTech #Innovation #PatentInProgress,patents
"Join us as we explore the convergence of robotics and exoskeleton technology, showcasing advancements in assistive devices that enhance mobility and improve quality of life.",papers
Celebrating the successful patent approval for our advanced drone swarm technology! ???? This innovation has diverse applications from agriculture to disaster response. #DroneTech #TechInnovation #PatentApproved,patents
"I am delighted to attend the upcoming board meeting on 15th February. The meeting will cover various aspects of our organization¡¯s performance, and I am excited to learn more about our future plans and strategies.",meetings
"In our latest paper, we investigate the role of robotics in disaster response, showcasing advancements in autonomous drones and robotic systems for emergency situations.",papers
Officially registered my groundbreaking AI algorithm today! ???? This technology has the potential to reshape how we approach data analysis. Grateful for the hard work of my team! ?? #AI #TechInnovation #DataScience,patents
"I am delighted to attend the upcoming seminar on ¡®Sustainability and Corporate Social Responsibility¡¯ on 15th March. The seminar will cover various aspects of sustainability and CSR, and I am excited to learn more about how we can create a more sustainable future.",seminar
"Our research on quantum communication explores the development of secure quantum networks, paving the way for quantum-resistant cryptographic protocols.",papers
Attending the #AIInnovationConference today! Excited to explore the advancements in artificial intelligence and hear from thought leaders in the industry. Ready to absorb knowledge and make meaningful connections. #AIConference #LearningMode,seminar
Super pumped to attend the #InnovationLeadersForum next week! Ready to gain insights into fostering a culture of innovation and connect with leaders driving change in their industries. #InnovationMindset #Leadership,seminar
"Join us in discussing the challenges and opportunities of quantum machine learning, exploring the synergy between quantum computing and artificial intelligence.",papers
"Joining the creativity in education workshop. Discovering strategies to foster creativity, imagination, and innovation in the learning process. ?? #CreativityInEducation #InnovativeTeaching",meetings
Looking forward to the literacy committee meeting. Discussing strategies to promote a love for reading and writing among our students. ?? #LiteracyGoals #ReadingCulture,meetings
Participating in the community outreach workshop. Discussing ways to strengthen ties with the local community and involve parents in the educational journey of their children. ?? #CommunityOutreach #ParentEngagement,papers
Excited to be heading to the #TechInnovationSeminar tomorrow! Looking forward to gaining insights into the latest trends and networking with industry leaders. See you there! #SeminarReady #ProfessionalDevelopment,seminar
Dive into the world of quantum cryptography as we unravel its role in securing communication channels and protecting sensitive information in the digital age.,papers
Thrilled to announce the successful registration of our new AI-driven healthcare app! ???? This technology is set to transform patient care. Grateful for our dedicated team! ?? #HealthTech #AI #PatentRegistered,patents
Celebrating the approval of our patent for the innovative air quality monitoring system! ????? This technology contributes to creating healthier environments in urban areas. #EnvironmentalTech #PatentApproved,patents
"In our paper on quantum sensing, we delve into the applications of quantum technologies for ultra-precise measurements and detection in various fields.",papers
Just finalized the patent application for my groundbreaking robotics project! ???? Excited to see this innovation shaping the future of automation. #Robotics #Innovation #PatentPending,patents
"Excited to be part of the #CulinaryInnovationConference. Ready to explore the intersection of food, technology, and sustainability. Let's discover the future of dining experiences together! #FoodInnovation #CulinaryTech",seminar
Excited to be part of the school safety committee meeting. Discussing proactive measures to ensure a secure and nurturing environment for our students. ?? #SchoolSafety #StudentWellbeing,meetings
Excited to attend the #CreativityUnleashed Workshop next week. Ready to unlock my creative potential and explore innovative approaches to problem-solving. Let's make this session a burst of inspiration! #CreativityWorkshop #Innovation,seminar
Excited for the community service project planning session. Empowering students to make a positive impact in their community through service learning. ?? #ServiceLearning #CommunityImpact,meetings
Registered the patent for our innovative self-healing material for infrastructure! ????? A step towards reducing maintenance costs and enhancing durability. #MaterialsScience #TechInnovation #PatentRegistered,patents
"In our quest for innovation, our paper explores the dynamic landscape of renewable energy technologies, shedding light on sustainable solutions for the future.",papers
Officially submitted the patent for our advanced self-driving car technology! ???? This is a major step forward in the evolution of transportation. Let's drive into the future! ?? #AutonomousVehicles #TechInnovation #PatentInProgress,patents
Attending the academic research symposium today. Ready to delve into the latest educational research and incorporate evidence-based practices in the classroom. ?? #EducationResearch #EvidenceBasedTeaching,meetings
"Our study on neuro-informatics examines the synergy between neuroscience and information technology, shedding light on brain-inspired computing and neural network architectures.",papers
"Prepping for a crucial business meeting tomorrow! Ready to brainstorm ideas, strategize, and make some impactful decisions. ?? #BusinessMeeting #TeamCollaboration",meetings
Our monthly book club meeting is happening tonight! Excited to discuss our latest read and explore its implications for our teaching practices. ?? #BookClub #ProfessionalDevelopment,meetings
Enthusiastic about the technology integration meeting tomorrow. Exploring ways to leverage digital tools for effective and engaging learning experiences. ??? #EdTechIntegration #InnovativeTeaching,meetings
"Our research on metamaterials unveils their extraordinary properties, from cloaking devices to advanced optics, pushing the boundaries of material science and engineering.",papers
"Explore the fusion of 5G technology and edge computing, unveiling the potential for low-latency applications and transformative experiences in the era of the Internet of Things.",papers
Counting down to the #YouthEmpowermentConference. Ready to inspire and be inspired by the next generation of leaders. Let's foster empowerment and positive change together! #YouthLeadership #Empowerment,seminar
"Join the conversation on the future of electric aviation, as we discuss advancements in electric aircraft design and the transition towards sustainable air travel.",papers
"I am excited to attend the upcoming seminar on ¡®Artificial Intelligence and Ethics¡¯ on 20th April. The seminar will cover various ethical issues related to AI, and I am looking forward to learning more about how we can ensure that AI is used for the betterment of society.",seminar
Engaging in the environmental sustainability workshop. Exploring ways to integrate eco-friendly practices into the curriculum and raise environmentally conscious students. ?? #SustainableEducation #GreenSchool,meetings
"Shaping the future of cybersecurity, our team explores the role of machine learning in threat detection and mitigation, ushering in a new era of proactive defense strategies.",papers
"Just registered for the #FashionTechConference. Eager to explore the intersection of fashion and technology, from smart fabrics to sustainable fashion. Fashionistas and techies, let's meet up! #FashionTech #InnovationInStyle",seminar
Registered my new invention today - a sustainable packaging material that reduces environmental impact! ???? Thrilled to contribute to a greener future. Let's make a difference together! ?? #Sustainability #Innovation #GreenTech,patents
Thrilled to announce the successful registration of our advanced drone delivery system! ???? This could revolutionize logistics and bring about faster and more efficient deliveries. #DroneTech #TechInnovation #PatentRegistered,patents
"Navigate the landscape of fintech innovations with our insights into blockchain-based financial systems, decentralized finance, and cryptocurrency trends.",papers
Joining the mentorship program kick-off meeting today. Thrilled to be a mentor and support new teachers on their educational journey. ????? #MentorshipProgram #TeacherSupport,meetings
"Exploring the intersection of blockchain and finance, our research showcases the disruptive power of decentralized finance (DeFi) in reshaping traditional financial systems.",papers
"I am looking forward to attending the upcoming seminar on ¡®Data Science and Machine Learning¡¯ on 20th February. The seminar will cover various topics related to data science and machine learning, and I am eager to learn more about the latest tools and techniques in this field.",seminar
Just got the green light on our patent for the revolutionary health monitoring wearable! ???? This device has the potential to transform personal healthcare. Exciting times ahead! #WearableTech #HealthTech #PatentApproved,patents
"Embark on a journey into the metaverse with our insights into virtual reality (VR) and augmented reality (AR), exploring their transformative impact on entertainment and business.",papers
Joining the school leadership meeting today to discuss initiatives aimed at creating an inclusive and equitable learning environment for all students. ?? #EquityInEducation #LeadershipMatters,meetings
"Thrilled to be part of the #RoboticInnovationExpo. Ready to witness the latest breakthroughs in robotics and connect with engineers shaping the future of automation. Robo-enthusiasts, let's embrace the future together! #RoboticsInnovation #TechRevolution",seminar
"In our study on explainable robotics, we delve into the importance of transparency in robotic decision-making and the impact on human-robot collaboration.",papers
Just registered for the #DigitalMarketingSummit happening next week. Can't wait to dive deep into the world of digital strategies and connect with experts in the field. Who else is attending? Let's meet up! #NetworkingOpportunity,seminar
Just received confirmation on our patent for the innovative smart textiles for athletic wear! ???¡Î??? Blending technology and comfort for enhanced performance. #SportsTech #WearableTech #PatentApproved,patents
I am excited to attend the upcoming parent-teacher meeting on 5th February. I am looking forward to discussing my child¡¯s progress and learning more about how I can support their education.,meetings
Excited to attend the #LeadershipInTechConference. Ready to gain insights into leading in the fast-paced tech industry and connect with tech leaders. Looking forward to an inspiring and informative event! #TechLeadership #LeadershipInTech,seminar
Attending the #HealthAndWellnessSeminar this weekend. Looking forward to discovering ways to prioritize health in a busy lifestyle and connect with health enthusiasts. Who else will be there? Let's share tips! #WellnessJourney,seminar
Just received my confirmation for the #DesignThinkingWorkshop. Eager to immerse myself in creative problem-solving and connect with fellow design thinkers. Ready to bring a fresh perspective to projects! #DesignThoughts #Innovation,seminar
"Our exploration of edge computing technologies reveals their potential in revolutionizing data processing and analysis, empowering industries with real-time insights.",papers
Just received confirmation of our patent for the innovative blockchain-based financial platform! ???? This is a significant step towards a secure and efficient future in finance. #Blockchain #FinTech #PatentSuccess,patents
Just signed up for the #DataScienceSymposium! Excited to explore the latest advancements in data science and connect with professionals in the field. Ready to dive into a day of analytics and insights. #DataGeek #TechEvent,seminar
Registered our AI-powered language tutoring platform today! ????? Breaking down language barriers for learners worldwide. Excited about the positive impact on education. #EdTech #LanguageLearning #PatentRegistered,patents
Celebrating the successful patent registration for our advanced biometric security system! ???? This technology sets a new standard for secure access control. #Biometrics #Cybersecurity #PatentSuccess,patents
"In our study on the convergence of robotics and agriculture, we examine the role of autonomous drones and robotic systems in precision farming and sustainable agriculture practices.",papers
"Embark on a journey into the applications of natural language processing (NLP) in sentiment analysis, chatbots, and language translation, shaping the future of human-machine interaction.",papers
"Exploring the convergence of robotics and healthcare, our team's work sheds light on the development of assistive robots, redefining the boundaries of patient care.",papers
Team-building exercises on the agenda for the staff meeting this afternoon. Building strong connections among colleagues for a positive and supportive work environment. ?? #TeamBuilding #PositiveWorkplace,meetings
Officially patented our breakthrough in eco-friendly packaging materials for the food industry! ???? A sustainable choice for a greener planet. Grateful for the team's dedication to environmental responsibility! #SustainablePackaging #Innovation #PatentApproved,patents
Joining the bilingual education symposium. Discussing the benefits and challenges of bilingual programs in fostering linguistic and cultural diversity. ??? #BilingualEducation #LanguageLearning,meetings
"Join us in exploring the ethical implications of AI in healthcare, addressing issues of bias, privacy, and the responsible use of machine learning algorithms in medical decision-making.",papers
Looking forward to the mindfulness in education workshop. Exploring ways to integrate mindfulness practices into the classroom for improved focus and well-being. ???¡Ï? #MindfulEducation #StudentWellness,meetings
Thrilled to announce the patent registration for our AI-driven virtual interior design assistant! ???? Redefining how individuals plan and visualize their living spaces. #InteriorDesign #AI #PatentApproved,patents
"I am excited to attend the upcoming seminar on ¡®Artificial Intelligence in Healthcare¡¯ on 10th May. The speaker lineup looks impressive, and I am looking forward to learning more about the latest advancements in AI and healthcare.",seminar
Just received the schedule for the parent-teacher meeting at school. Can't wait to connect with my child's teachers and collaborate on ways to support their learning at home. #PTM #ParentInvolvement,meetings
Excited for the #AlternativeEnergyConference. Ready to explore innovations in alternative energy sources and connect with pioneers in the renewable energy space. Let's power the future sustainably! #CleanEnergy #GreenTech,seminar
Exciting news in the field of nanotechnology ? just submitted the patent for our nanobot delivery system! ???? This could be a game-changer in targeted medicine. Fingers crossed! #Nanotech #MedTech #PatentPending,patents
Attending the #EntrepreneurialMindsetWorkshop to sharpen my entrepreneurial skills. Eager to learn from successful entrepreneurs and connect with like-minded individuals. Ready to turn ideas into action! #Entrepreneurship #Startup,seminar
Teacher-parent collaboration in action! Attending the Parent-Teacher Collaboration Forum to strengthen ties between home and school for better student outcomes. ?? #ParentTeacherCollaboration #EducationPartnership,meetings
Excited to be part of the #VirtualRealityShowcase. Ready to immerse myself in the latest virtual reality experiences and connect with VR enthusiasts. Who else is passionate about the future of immersive technology? #VRExperience #TechInnovation,seminar
Exciting news! Just submitted the patent application for our AI-driven mental health support app! ???? Hoping to make mental health resources more accessible and personalized. #MentalHealthTech #AI #PatentPending,patents
Just received confirmation on our patent for the innovative renewable energy storage solution! ???? This could be a game-changer in balancing and storing clean energy. #RenewableEnergy #TechInnovation #PatentApproved,patents
"I am thrilled to be a part of the upcoming team building meeting on 25th February. The meeting will cover various activities and exercises to foster teamwork and collaboration, and I am excited to participate in them.",meetings
"In the realm of space exploration, our team investigates the potential of asteroid mining and its role in resource extraction beyond Earth.",papers
Joining the school improvement committee meeting today. Excited to contribute ideas and work towards continuous improvement for the benefit of our students. ?? #SchoolImprovement #QualityEducation,meetings
Attending the #SpaceExplorationSymposium. Ready to be fascinated by the latest advancements in space exploration and connect with space enthusiasts. Anyone else dreaming of reaching for the stars? #SpaceTech #Astronomy,seminar
"In our exploration of edge AI, we discuss the deployment of artificial intelligence at the edge of networks, enabling real-time processing and analysis for IoT devices.",papers
Thrilled to announce the patent registration for our AI-driven recommendation system for personalized skincare routines! ???? Customizing beauty regimens for unique skin types. #BeautyTech #AI #PatentApproved,seminar
Ready for a day of learning at the #FinanceMasterclass! Excited to enhance my financial knowledge and connect with professionals in the finance industry. See you there! #ContinuousLearning #FinanceSeminar,seminar
Submitted the patent application for our innovative renewable energy-powered desalination system! ???? A sustainable solution for providing clean drinking water in coastal areas. #RenewableEnergy #TechInnovation #PatentPending,patents
"Our paper on bioinformatics uncovers the role of computational biology in analyzing genomic data, contributing to advancements in personalized medicine and disease understanding.",papers
Attending the professional learning retreat. Taking a deep dive into current educational research and trends to enhance our teaching practices. ?? #ProfessionalLearning #TeacherRetreat,meetings
"Join the discussion on ethical considerations in autonomous systems, as we analyze the implications of decision-making algorithms in self-driving cars and drones.",papers
"Uncover the potential of smart agriculture technologies, from precision farming and IoT-enabled sensors to AI-driven decision support systems for farmers.",papers
"I am delighted to attend the upcoming review meeting on 15th March. The meeting will cover various aspects of our work, and I am excited to learn more about our achievements and areas for improvement.",meetings
Participating in the school leadership book circle. Reflecting on leadership principles and strategies to create a positive and thriving school community. ?? #LeadershipDevelopment #SchoolCulture,meetings
"Ready for the weekly faculty meeting! Excited to collaborate with my fellow educators, discuss new teaching strategies, and ensure a positive learning environment for our students. ?? #EducatorLife #FacultyMeeting",meetings
"Discover the potential of quantum-enhanced sensing in our paper, unveiling how quantum technologies can revolutionize precision measurements in scientific and industrial domains.",papers
Excited for the curriculum alignment workshop tomorrow. Collaborating with subject specialists to ensure a seamless and integrated learning experience for our students. ?? #CurriculumAlignment #EducationGoals,meetings
"Attending the #NeuroscienceSummit to gain insights into the fascinating world of the brain. Ready to explore breakthroughs in neuroscience and connect with professionals in the field. Brain enthusiasts, unite! #Neuroscience #BrainScience",seminar
"Just RSVP'd for the #WomenInBusinessConference. Thrilled to be surrounded by inspiring women in the business world. Ready to learn, share experiences, and build a strong network. #WomenInBusiness #Empowerment",seminar
Just got the green light on our patent for the AI-driven personalized fitness app! ??????¡Ï? Excited to help users achieve their fitness goals through smart technology. #FitnessTech #AI #PatentSuccess,patents
Registered for the #AgileDevelopmentConference. Can't wait to learn about agile methodologies and how they can transform project management. Any fellow developers attending? Let's grab coffee during the break! #AgileDev #TechConference,seminar
Registered the patent for our innovative space debris removal technology! ????? A crucial step in ensuring the sustainability of outer space activities. #SpaceTech #TechInnovation #PatentRegistered,patents
Registered the patent for our AI-powered language translation app! ????? Breaking language barriers and fostering global communication. Kudos to the team for their hard work! #AI #LanguageTech #PatentSuccess,patents
Just submitted the patent for our game-changing energy-efficient home appliances! ???? This is a step towards a greener and more sustainable future. #EnergyEfficiency #TechInnovation #PatentPending,patents
Counting down the days until the #SupplyChainSummit. Ready to learn about the latest trends in supply chain management and connect with professionals optimizing global logistics. Who else is interested in supply chain excellence? #Logistics #SupplyChain,seminar
Registered the patent for our innovative air purification technology for urban environments! ?????? Enhancing air quality for healthier city living. #CleanAir #TechInnovation #PatentRegistered,patents
Counting down the days to the #TravelTechSummit. Ready to explore how technology is transforming the travel industry and connect with travel tech enthusiasts. Any travel aficionados attending? Let's share travel tech experiences! #TravelInnovation #TechAndTravel,seminar
Excited to attend the #WomenInLeadershipSeminar. Ready to empower and be empowered by women leaders in various industries. Looking forward to insightful discussions and networking opportunities. #LeadershipJourney #WomenLeaders,seminar
"I am excited to attend the upcoming seminar on ¡®The Future of Work¡¯ on 25th March. The seminar will cover various topics related to the changing nature of work, and I am eager to learn more about how we can prepare ourselves for the future.",seminar
Celebrating the approval of our patent for the innovative smart home automation system! ???? This technology promises to make daily living more efficient and convenient. #SmartHome #TechInnovation #PatentApproved,patents
"Embark on a journey into the world of regenerative medicine, exploring the role of 3D bioprinting, stem cell therapies, and tissue engineering in healthcare advancements.",papers
"Today's agenda: classroom observation debrief. Reflecting on teaching practices, sharing insights, and fostering a culture of continuous improvement. ????? #TeachingReflection #ProfessionalGrowth",meetings
Submitted the patent application for our innovative waste-to-energy conversion technology! ???? This could revolutionize how we harness energy from waste materials. #GreenTech #TechInnovation #PatentPending,patents
Successfully patented our breakthrough in quantum computing research! ????? This achievement is a testament to the dedication of our brilliant team. Onwards to new frontiers in technology! #QuantumComputing #TechInnovation #PatentWin,patents
"I am excited to attend the upcoming seminar on ¡®Artificial Intelligence in Healthcare¡¯ on 5th February. The speaker lineup looks impressive, and I am looking forward to learning more about the latest advancements in AI and healthcare.",seminar
"Explore the potential of biometric authentication in our research, as we discuss advancements in facial recognition and fingerprint technology for secure identity verification.",papers
Excited to attend the diversity and inclusion training session. Strengthening our commitment to creating a welcoming and inclusive environment for all students. ?? #DiversityInEducation #InclusiveClassrooms,meetings
"I am thrilled to be a part of the upcoming team meeting on 10th February. The meeting promises to be insightful, and I am eager to learn more about the latest updates and developments in our project.",meetings
Collaborating with the community outreach team to plan the upcoming education fair. Connecting with parents and students to showcase the diverse learning opportunities available. ?? #EducationFair #CommunityEngagement,meetings
"Joining the outdoor education planning session. Creating opportunities for hands-on, experiential learning to connect students with the natural world. ?? #OutdoorEducation #EnvironmentalLearning",meetings
Officially patented our innovative solution for carbon capture technology! ???? This is a significant step in the fight against climate change. Grateful for the team's dedication! #ClimateAction #TechInnovation #PatentWin,patents
Participating in the cultural competence workshop today. Essential conversations about creating a culturally responsive classroom and fostering diversity and inclusion. ?? #CulturalCompetence #InclusiveEducation,meetings
"I am thrilled to be a part of the upcoming seminar on ¡®Artificial Intelligence and Ethics¡¯ on 25th February. The seminar will cover various ethical issues related to AI, and I am excited to learn more about how we can ensure that AI is used for the betterment of society.",seminar
"Unveiling the mysteries of space exploration, our team's work highlights the technological advancements propelling us towards the next frontier of interplanetary travel.",papers
Joining the flipped classroom webinar to explore innovative teaching methods that promote active student engagement and personalized learning. ?? #FlippedClassroom #StudentCenteredLearning,meetings
"I am excited to attend the upcoming seminar on ¡®The Future of Work¡¯ on 1st March. The seminar will cover various topics related to the changing nature of work, and I am eager to learn more about how we can prepare ourselves for the future.",seminar
Officially patented our AI-driven language translation earpiece! ???? Breaking language barriers in real-time conversations. Excited about the potential for global communication. #LanguageTech #AI #PatentSuccess,patents
Excited about the client meeting this afternoon. Hoping to present our latest project updates and receive valuable feedback. ?? #ClientMeeting #BusinessDevelopment,meetings
"Breaking new ground in quantum computing, our team's paper elucidates the recent advancements that promise to revolutionize computation and data processing.",papers
"I am thrilled to be a part of the upcoming seminar on ¡®The Future of Education¡¯ on 15th April. The seminar will cover various topics related to the changing nature of education, and I am eager to learn more about how we can prepare ourselves for the future of learning.",seminar
"Our paper on affective computing delves into the development of AI systems capable of understanding and responding to human emotions, revolutionizing human-computer interaction.",papers
Just registered for the #CulinaryScienceWorkshop. Eager to explore the science behind cooking and connect with food scientists. Ready to bring a scientific twist to my culinary adventures! #CulinaryScience #FoodInnovation,seminar
"Our research on swarm intelligence explores the collective behavior of autonomous agents, offering insights into applications such as traffic management and distributed sensing.",papers
"Just secured my spot at the #GamingInnovationExpo. Eager to explore the latest trends in gaming technology and connect with developers pushing the boundaries of virtual worlds. Gamers, unite! #GamingCommunity #TechInGaming",seminar
Thrilled to announce the patent registration for our AI-based personalized learning platform! ???? Customizing education for individual needs and fostering a love for learning. #EdTech #AI #PatentApproved,patents
Prepping for the student-led conference tomorrow. Thrilled to see students take ownership of their learning and showcase their achievements to parents. ?? #StudentLedConference #EmpoweredLearners,meetings
Attending the cross-disciplinary collaboration meeting. Breaking down silos and fostering interdisciplinary projects to enrich our students' learning experiences. ?? #InterdisciplinaryLearning #Collaboration,meetings
Exciting news! Just submitted a patent application for my latest innovation in renewable energy tech. ???? Can't wait to revolutionize the industry! ?? #Innovation #PatentPending #RenewableEnergy,patents
Exciting news! Patent application submitted for our game-changing renewable energy solution. ???? Looking forward to a sustainable future powered by innovation! #RenewableEnergy #Innovation #PatentInProgress,patents
Attending the #InclusiveTechShowcase to explore technologies that promote accessibility for people with disabilities. Ready to connect with innovators making tech inclusive for everyone. Tech for all! #InclusiveTechnology #AccessibilityInTech,seminar
Celebrating a milestone today ? our patent approval for the innovative virtual reality training platform! ????? Kudos to the team for their hard work and creativity! #VR #TechRevolution #PatentApproved,patents
"Join the conversation on the future of 6G technology, exploring the potential for ultra-fast wireless communication, low-latency applications, and novel connectivity paradigms.",papers
Participating in the edutainment workshop for engaging lesson plans. Finding creative ways to make learning enjoyable and memorable for our students. ?? #Edutainment #FunLearning,meetings
Participating in the grant-writing seminar today. Excited to learn effective strategies for securing funding to enhance educational programs. ?? #GrantWriting #EducationalFunding,meetings
Thrilled to announce the patent registration for our AI-driven wildlife conservation monitoring system! ???? Using technology to protect and preserve our planet's biodiversity. #ConservationTech #AI #PatentApproved,patents
Just finalized the patent for our AI-powered automated document verification system! ???? Streamlining processes and enhancing security in various industries. #AI #SecurityTech #PatentSuccess,patents
Empowering educators through professional development! Excited to attend a workshop that focuses on the latest trends in education and technology. ?? #EdTech #TeacherTraining,meetings
Just registered for the #InclusiveDesignSeminar. Eager to learn about creating products and spaces that cater to diverse needs. Let's design for everyone! #InclusiveDesign #Accessibility,seminar
"Join the dialogue on the ethical considerations of drone technology, addressing issues of privacy, surveillance, and responsible use in various domains.",papers
"I am thrilled to be a part of the upcoming seminar on ¡®Blockchain Technology¡¯ on 30th April. The seminar will cover various aspects of blockchain technology, and I am excited to learn more about its applications in different industries.",seminar
Today marks the approval of our cutting-edge biotech invention! ???? This breakthrough has the potential to revolutionize healthcare. Grateful for the team's hard work and dedication! #Biotech #Innovation #PatentApproved,patents
Excited to be part of the #GlobalBusinessSummit happening next month. Looking forward to gaining a global perspective on business trends and networking with professionals from around the world. #GlobalBusiness #Networking,seminar
Submitted the patent application for our innovative wearable stress management device! ???? Aiming to help individuals better manage and reduce stress in daily life. #WearableTech #HealthTech #PatentPending,seminar
Just registered for the #AIethicsPanel. Eager to engage in discussions about the ethical considerations of artificial intelligence. Who else is concerned about AI ethics? Let's explore this critical topic together! #AIethics #TechEthics,seminar
"Discover the transformative potential of quantum sensors, offering unprecedented precision in measurements and contributing to advancements in fields such as healthcare and environmental monitoring.",papers
"Navigate the complexities of cybersecurity in the Internet of Things era, addressing vulnerabilities and strategies for securing interconnected devices.",papers
"Our paper on zero-trust cybersecurity models discusses the paradigm shift in security strategies, emphasizing continuous verification and strict access controls in network environments.",papers
"Join the conversation on the future of renewable energy with our paper, discussing breakthroughs in solar panel efficiency and their implications for a sustainable world.",papers
"Discover the potential of 5G technology as we unravel its impact on the telecommunications sector, paving the way for a connected and efficient future.",papers
Exciting news! Patent application submitted for our innovative space exploration technology. ???? This marks a significant step towards unlocking the mysteries of the universe. #SpaceTech #Innovation #PatentInProgress,patents
"Join the dialogue on the ethical considerations of biometric surveillance technologies, examining their implications for privacy and civil liberties.",papers
"Ready for a day of inspiration at the #ArtificialIntelligenceCreativityLab. Excited to explore how AI intersects with creativity and connect with artists exploring the boundaries of technology. Creatives, let's embrace AI as a tool for innovation! #AICreativity #ArtAndTech",seminar
"Attending a professional development workshop tomorrow. Excited to gain new insights, refine my teaching skills, and bring fresh ideas to the classroom. ?? #ProfessionalGrowth #TeacherDevelopment",meetings
Registered my latest software algorithm today! ???? It has the potential to redefine how we process and analyze data. Grateful for the collaboration with brilliant minds in the field. #SoftwareDevelopment #TechInnovation #PatentSuccess,patents
"Joining the STEAM education summit. Discussing interdisciplinary approaches to science, technology, engineering, arts, and mathematics for a holistic learning experience. ?? #STEAMEducation #InterdisciplinaryLearning",meetings
"Revolutionize the way we learn with our insights into educational technology, showcasing the impact of online learning platforms, AI-driven tutoring, and virtual classrooms.",papers
"I am thrilled to be a part of the upcoming seminar on ¡®Innovation and Entrepreneurship¡¯ on 30th March. The seminar will cover various aspects of innovation and entrepreneurship, and I am excited to learn more about how we can foster a culture of innovation in our organizations.",seminar
"Uncover the possibilities of nanotechnology as we delve into its applications in medicine, materials science, and electronics, ushering in a new era of miniaturized innovation.",papers
